{"1": [[1.0, -0.0, -0.0, -0.0]], "-1": [[1.0, -0.0, -0.0, -0.0], [0.0, -1.0, -0.0, -0.0]], "2": [[1.0, -0.0, -0.0, -0.0], [0.0, -0.0, -1.0, -0.0]], "m": [[1.0, -0.0, -0.0, -0.0], [1.0, -0.0, -0.0, -0.0]], "2/m": [[1.0, -0.0, -0.0, -0.0], [0.0, -0.0, -1.0, -0.0], [0.0, -1.0, -0.0, -0.0], [1.0, -0.0, -0.0, -0.0]], "222": [[1.0, -0.0, -0.0, -0.0], [0.0, -0.0, -0.0, -1.0], [0.0, -0.0, -1.0, -0.0], [0.0, -1.0, -0.0, -0.0]], "mm2": [[1.0, -0.0, -0.0, -0.0], [0.0, -0.0, -0.0, -1.0], [1.0, -0.0, -0.0, -0.0], [1.0, -0.0, -0.0, -0.0]], "mmm": [[1.0, -0.0, -0.0, -0.0], [0.0, -0.0, -0.0, -1.0], [0.0, -0.0, -1.0, -0.0], [0.0, -1.0, -0.0, -0.0], [0.0, -1.0, -0.0, -0.0], [1.0, -0.0, -0.0, -0.0], [1.0, -0.0, -0.0, -0.0], [1.0, -0.0, -0.0, -0.0]], "4": [[1.0, -0.0, -0.0, -0.0], [0.0, -0.0, -0.0, -1.0], [0.7071067811865475, -0.0, -0.0, 0.7071067811865475], [0.7071067811865475, -0.0, -0.0, -0.7071067811865475]], "-4": [[1.0, -0.0, -0.0, -0.0], [0.0, -0.0, -0.0, -1.0], [0.7071067811865475, -0.0, -0.0, -0.7071067811865475], [0.7071067811865475, -0.0, -0.0, 0.7071067811865475]], "4/m": [[1.0, -0.0, -0.0, -0.0], [0.0, -0.0, -0.0, -1.0], [0.7071067811865475, -0.0, -0.0, 0.7071067811865475], [0.7071067811865475, -0.0, -0.0, -0.7071067811865475], [0.0, -1.0, -0.0, -0.0], [1.0, -0.0, -0.0, -0.0], [0.7071067811865475, -0.0, -0.0, -0.7071067811865475], [0.7071067811865475, -0.0, -0.0, 0.7071067811865475]], "422": [[1.0, -0.0, -0.0, -0.0], [0.0, -0.0, -0.0, -1.0], [0.7071067811865475, -0.0, -0.0, 0.7071067811865475], [0.7071067811865475, -0.0, -0.0, -0.7071067811865475], [0.0, -0.0, -1.0, -0.0], [0.0, -1.0, -0.0, -0.0], [0.0, -0.7071067811865475, -0.7071067811865475, -0.0], [0.0, 0.7071067811865475, -0.7071067811865475, -0.0]], "4mm": [[1.0, -0.0, -0.0, -0.0], [0.0, -0.0, -0.0, -1.0], [0.7071067811865475, -0.0, -0.0, 0.7071067811865475], [0.7071067811865475, -0.0, -0.0, -0.7071067811865475], [1.0, -0.0, -0.0, -0.0], [1.0, -0.0, -0.0, -0.0], [1.0, -0.0, -0.0, -0.0], [1.0, -0.0, -0.0, -0.0]], "-42m": [[1.0, -0.0, -0.0, -0.0], [0.0, -0.0, -0.0, -1.0], [0.7071067811865475, -0.0, -0.0, -0.7071067811865475], [0.7071067811865475, -0.0, -0.0, 0.7071067811865475], [0.0, -0.0, -1.0, -0.0], [0.0, -1.0, -0.0, -0.0], [1.0, -0.0, -0.0, -0.0], [1.0, -0.0, -0.0, -0.0]], "4/mmm": [[1.0, -0.0, -0.0, -0.0], [0.0, -0.0, -0.0, -1.0], [0.7071067811865475, -0.0, -0.0, 0.7071067811865475], [0.7071067811865475, -0.0, -0.0, -0.7071067811865475], [0.0, -0.0, -1.0, -0.0], [0.0, -1.0, -0.0, -0.0], [0.0, -0.7071067811865475, -0.7071067811865475, -0.0], [0.0, 0.7071067811865475, -0.7071067811865475, -0.0], [0.0, -1.0, -0.0, -0.0], [1.0, -0.0, -0.0, -0.0], [0.7071067811865475, -0.0, -0.0, -0.7071067811865475], [0.7071067811865475, -0.0, -0.0, 0.7071067811865475], [1.0, -0.0, -0.0, -0.0], [1.0, -0.0, -0.0, -0.0], [1.0, -0.0, -0.0, -0.0], [1.0, -0.0, -0.0, -0.0]], "3": [[1.0, -0.0, -0.0, -0.0], [0.5257311121191335, -0.0, -0.0, 0.8506508083520399], [-0.5257311121191335, 0.0, 0.0, 0.8506508083520399]], "-3": [[1.0, -0.0, -0.0, -0.0], [0.5257311121191335, -0.0, -0.0, 0.8506508083520399], [-0.5257311121191335, 0.0, 0.0, 0.8506508083520399], [0.0, -1.0, -0.0, -0.0], [0.0, -0.0, -1.0, -0.0], [0.0, -1.0, -0.0, -0.0]], "32": [[1.0, -0.0, -0.0, -0.0], [0.5257311121191335, -0.0, -0.0, 0.8506508083520399], [-0.5257311121191335, 0.0, 0.0, 0.8506508083520399], [0.0, 0.7071067811865475, -0.7071067811865475, -0.0], [0.0, -0.22975292054736116, -0.9732489894677301, -0.0], [-0.0, 0.9732489894677301, 0.22975292054736116, 0.0]], "3m": [[1.0, -0.0, -0.0, -0.0], [0.5257311121191335, -0.0, -0.0, 0.8506508083520399], [-0.5257311121191335, 0.0, 0.0, 0.8506508083520399], [1.0, -0.0, -0.0, -0.0], [0.7071067811865475, -0.0, -0.0, -0.7071067811865475], [0.7071067811865475, -0.0, -0.0, 0.7071067811865475]], "-3m": [[1.0, -0.0, -0.0, -0.0], [0.5257311121191335, -0.0, -0.0, 0.8506508083520399], [-0.5257311121191335, 0.0, 0.0, 0.8506508083520399], [0.0, 0.7071067811865475, -0.7071067811865475, -0.0], [0.0, -0.22975292054736116, -0.9732489894677301, -0.0], [-0.0, 0.9732489894677301, 0.22975292054736116, 0.0], [0.0, -1.0, -0.0, -0.0], [0.0, -0.0, -1.0, -0.0], [0.0, -1.0, -0.0, -0.0], [1.0, -0.0, -0.0, -0.0], [0.7071067811865475, -0.0, -0.0, 0.7071067811865475], [0.7071067811865475, -0.0, -0.0, -0.7071067811865475]], "6": [[1.0, -0.0, -0.0, -0.0], [0.5257311121191335, -0.0, -0.0, 0.8506508083520399], [-0.5257311121191335, 0.0, 0.0, 0.8506508083520399], [0.0, -0.0, -0.0, -1.0], [0.8506508083520399, -0.0, -0.0, -0.5257311121191335], [0.8506508083520399, -0.0, -0.0, 0.5257311121191335]], "-6": [[1.0, -0.0, -0.0, -0.0], [0.5257311121191335, -0.0, -0.0, 0.8506508083520399], [-0.5257311121191335, 0.0, 0.0, 0.8506508083520399], [1.0, -0.0, -0.0, -0.0], [0.0, -1.0, -0.0, -0.0], [0.0, -0.0, -1.0, -0.0]], "6/m": [[1.0, -0.0, -0.0, -0.0], [0.5257311121191335, -0.0, -0.0, 0.8506508083520399], [-0.5257311121191335, 0.0, 0.0, 0.8506508083520399], [0.0, -0.0, -0.0, -1.0], [0.8506508083520399, -0.0, -0.0, -0.5257311121191335], [0.8506508083520399, -0.0, -0.0, 0.5257311121191335], [0.0, -1.0, -0.0, -0.0], [0.0, -0.0, -1.0, -0.0], [0.0, -1.0, -0.0, -0.0], [1.0, -0.0, -0.0, -0.0], [0.0, -1.0, -0.0, -0.0], [0.0, -0.0, -1.0, -0.0]], "622": [[1.0, -0.0, -0.0, -0.0], [0.5257311121191335, -0.0, -0.0, 0.8506508083520399], [-0.5257311121191335, 0.0, 0.0, 0.8506508083520399], [0.0, -0.0, -0.0, -1.0], [0.8506508083520399, -0.0, -0.0, -0.5257311121191335], [0.8506508083520399, -0.0, -0.0, 0.5257311121191335], [0.0, -0.7071067811865475, -0.7071067811865475, -0.0], [0.0, 0.9732489894677301, -0.22975292054736116, -0.0], [0.0, 0.22975292054736116, -0.9732489894677301, -0.0], [0.0, 0.7071067811865475, -0.7071067811865475, -0.0], [0.0, -0.22975292054736116, -0.9732489894677301, -0.0], [-0.0, 0.9732489894677301, 0.22975292054736116, 0.0]], "6mm": [[1.0, -0.0, -0.0, -0.0], [0.5257311121191335, -0.0, -0.0, 0.8506508083520399], [-0.5257311121191335, 0.0, 0.0, 0.8506508083520399], [0.0, -0.0, -0.0, -1.0], [0.8506508083520399, -0.0, -0.0, -0.5257311121191335], [0.8506508083520399, -0.0, -0.0, 0.5257311121191335], [1.0, -0.0, -0.0, -0.0], [0.7071067811865475, -0.0, -0.0, -0.7071067811865475], [0.7071067811865475, -0.0, -0.0, 0.7071067811865475], [1.0, -0.0, -0.0, -0.0], [0.7071067811865475, -0.0, -0.0, 0.7071067811865475], [0.7071067811865475, -0.0, -0.0, -0.7071067811865475]], "-6m2": [[1.0, -0.0, -0.0, -0.0], [0.5257311121191335, -0.0, -0.0, 0.8506508083520399], [-0.5257311121191335, 0.0, 0.0, 0.8506508083520399], [1.0, -0.0, -0.0, -0.0], [0.0, -1.0, -0.0, -0.0], [0.0, -0.0, -1.0, -0.0], [1.0, -0.0, -0.0, -0.0], [0.7071067811865475, -0.0, -0.0, -0.7071067811865475], [0.7071067811865475, -0.0, -0.0, 0.7071067811865475], [0.0, 0.7071067811865475, -0.7071067811865475, -0.0], [0.0, -0.22975292054736116, -0.9732489894677301, -0.0], [-0.0, 0.9732489894677301, 0.22975292054736116, 0.0]], "6/mmm": [[1.0, -0.0, -0.0, -0.0], [0.5257311121191335, -0.0, -0.0, 0.8506508083520399], [-0.5257311121191335, 0.0, 0.0, 0.8506508083520399], [0.0, -0.0, -0.0, -1.0], [0.8506508083520399, -0.0, -0.0, -0.5257311121191335], [0.8506508083520399, -0.0, -0.0, 0.5257311121191335], [0.0, -0.7071067811865475, -0.7071067811865475, -0.0], [0.0, 0.9732489894677301, -0.22975292054736116, -0.0], [0.0, 0.22975292054736116, -0.9732489894677301, -0.0], [0.0, 0.7071067811865475, -0.7071067811865475, -0.0], [0.0, -0.22975292054736116, -0.9732489894677301, -0.0], [-0.0, 0.9732489894677301, 0.22975292054736116, 0.0], [0.0, -1.0, -0.0, -0.0], [0.0, -0.0, -1.0, -0.0], [0.0, -1.0, -0.0, -0.0], [1.0, -0.0, -0.0, -0.0], [0.0, -1.0, -0.0, -0.0], [0.0, -0.0, -1.0, -0.0], [1.0, -0.0, -0.0, -0.0], [0.7071067811865475, -0.0, -0.0, -0.7071067811865475], [0.7071067811865475, -0.0, -0.0, 0.7071067811865475], [1.0, -0.0, -0.0, -0.0], [0.7071067811865475, -0.0, -0.0, 0.7071067811865475], [0.7071067811865475, -0.0, -0.0, -0.7071067811865475]],