{"1": [[1.0, -0.0, -0.0, -0.0]], "2": [[1.0, -0.0, -0.0, -0.0], [0.0, -1.0, -0.0, -0.0]], "3": [[1.0, -0.0, -0.0, -0.0], [0.0, -0.0, -1.0, -0.0]], "4": [[1.0, -0.0, -0.0, -0.0], [1.0, -0.0, -0.0, -0.0]], "5": [[1.0, -0.0, -0.0, -0.0], [0.0, -0.0, -1.0, -0.0], [0.0, -1.0, -0.0, -0.0], [1.0, -0.0, -0.0, -0.0]], "6": [[1.0, -0.0, -0.0, -0.0], [0.0, -0.0, -0.0, -1.0], [0.0, -0.0, -1.0, -0.0], [0.0, -1.0, -0.0, -0.0]], "7": [[1.0, -0.0, -0.0, -0.0], [0.0, -0.0, -0.0, -1.0], [1.0, -0.0, -0.0, -0.0], [1.0, -0.0, -0.0, -0.0]], "8": [[1.0, -0.0, -0.0, -0.0], [0.0, -0.0, -0.0, -1.0], [0.0, -0.0, -1.0, -0.0], [0.0, -1.0, -0.0, -0.0], [0.0, -1.0, -0.0, -0.0], [1.0, -0.0, -0.0, -0.0], [1.0, -0.0, -0.0, -0.0], [1.0, -0.0, -0.0, -0.0]], "9": [[1.0, -0.0, -0.0, -0.0], [0.0, -0.0, -0.0, -1.0], [0.7071067811865475, -0.0, -0.0, 0.7071067811865475], [0.7071067811865475, -0.0, -0.0, -0.7071067811865475]], "10": [[1.0, -0.0, -0.0, -0.0], [0.0, -0.0, -0.0, -1.0], [0.7071067811865475, -0.0, -0.0, -0.7071067811865475], [0.7071067811865475, -0.0, -0.0, 0.7071067811865475]], "11": [[1.0, -0.0, -0.0, -0.0], [0.0, -0.0, -0.0, -1.0], [0.7071067811865475, -0.0, -0.0, 0.7071067811865475], [0.7071067811865475, -0.0, -0.0, -0.7071067811865475], [0.0, -1.0, -0.0, -0.0], [1.0, -0.0, -0.0, -0.0], [0.7071067811865475, -0.0, -0.0, -0.7071067811865475], [0.7071067811865475, -0.0, -0.0, 0.7071067811865475]], "12": [[1.0, -0.0, -0.0, -0.0], [0.0, -0.0, -0.0, -1.0], [0.7071067811865475, -0.0, -0.0, 0.7071067811865475], [0.7071067811865475, -0.0, -0.0, -0.7071067811865475], [0.0, -0.0, -1.0, -0.0], [0.0, -1.0, -0.0, -0.0], [0.0, -0.7071067811865475, -0.7071067811865475, -0.0], [0.0, 0.7071067811865475, -0.7071067811865475, -0.0]], "13": [[1.0, -0.0, -0.0, -0.0], [0.0, -0.0, -0.0, -1.0], [0.7071067811865475, -0.0, -0.0, 0.7071067811865475], [0.7071067811865475, -0.0, -0.0, -0.7071067811865475], [1.0, -0.0, -0.0, -0.0], [1.0, -0.0, -0.0, -0.0], [1.0, -0.0, -0.0, -0.0], [1.0, -0.0, -0.0, -0.0]], "14": [[1.0, -0.0, -0.0, -0.0], [0.0, -0.0, -0.0, -1.0], [0.7071067811865475, -0.0, -0.0, -0.7071067811865475], [0.7071067811865475, -0.0, -0.0, 0.7071067811865475], [0.0, -0.0, -1.0, -0.0], [0.0, -1.0, -0.0, -0.0], [1.0, -0.0, -0.0, -0.0], [1.0, -0.0, -0.0, -0.0]], "15": [[1.0, -0.0, -0.0, -0.0], [0.0, -0.0, -0.0, -1.0], [0.7071067811865475, -0.0, -0.0, 0.7071067811865475], [0.7071067811865475, -0.0, -0.0, -0.7071067811865475], [0.0, -0.0, -1.0, -0.0], [0.0, -1.0, -0.0, -0.0], [0.0, -0.7071067811865475, -0.7071067811865475, -0.0], [0.0, 0.7071067811865475, -0.7071067811865475, -0.0], [0.0, -1.0, -0.0, -0.0], [1.0, -0.0, -0.0, -0.0], [0.7071067811865475, -0.0, -0.0, -0.7071067811865475], [0.7071067811865475, -0.0, -0.0, 0.7071067811865475], [1.0, -0.0, -0.0, -0.0], [1.0, -0.0, -0.0, -0.0], [1.0, -0.0, -0.0, -0.0], [1.0, -0.0, -0.0, -0.0]], "16": [[1.0, -0.0, -0.0, -0.0], [0.5257311121191335, -0.0, -0.0, 0.8506508083520399], [-0.5257311121191335, 0.0, 0.0, 0.8506508083520399]], "17": [[1.0, -0.0, -0.0, -0.0], [0.5257311121191335, -0.0, -0.0, 0.8506508083520399], [-0.5257311121191335, 0.0, 0.0, 0.8506508083520399], [0.0, -1.0, -0.0, -0.0], [0.0, -0.0, -1.0, -0.0], [0.0, -1.0, -0.0, -0.0]], "18": [[1.0, -0.0, -0.0, -0.0], [0.5257311121191335, -0.0, -0.0, 0.8506508083520399], [-0.5257311121191335, 0.0, 0.0, 0.8506508083520399], [0.0, 0.7071067811865475, -0.7071067811865475, -0.0], [0.0, -0.22975292054736116, -0.9732489894677301, -0.0], [-0.0, 0.9732489894677301, 0.22975292054736116, 0.0]], "19": [[1.0, -0.0, -0.0, -0.0], [0.5257311121191335, -0.0, -0.0, 0.8506508083520399], [-0.5257311121191335, 0.0, 0.0, 0.8506508083520399], [1.0, -0.0, -0.0, -0.0], [0.7071067811865475, -0.0, -0.0, -0.7071067811865475], [0.7071067811865475, -0.0, -0.0, 0.7071067811865475]], "20": [[1.0, -0.0, -0.0, -0.0], [0.5257311121191335, -0.0, -0.0, 0.8506508083520399], [-0.5257311121191335, 0.0, 0.0, 0.8506508083520399], [0.0, 0.7071067811865475, -0.7071067811865475, -0.0], [0.0, -0.22975292054736116, -0.9732489894677301, -0.0], [-0.0, 0.9732489894677301, 0.22975292054736116, 0.0], [0.0, -1.0, -0.0, -0.0], [0.0, -0.0, -1.0, -0.0], [0.0, -1.0, -0.0, -0.0], [1.0, -0.0, -0.0, -0.0], [0.7071067811865475, -0.0, -0.0, 0.7071067811865475], [0.7071067811865475, -0.0, -0.0, -0.7071067811865475]], "21": [[1.0, -0.0, -0.0, -0.0], [0.5257311121191335, -0.0, -0.0, 0.8506508083520399], [-0.5257311121191335, 0.0, 0.0, 0.8506508083520399], [0.0, -0.0, -0.0, -1.0], [0.8506508083520399, -0.0, -0.0, -0.5257311121191335], [0.8506508083520399, -0.0, -0.0, 0.5257311121191335]], "22": [[1.0, -0.0, -0.0, -0.0], [0.5257311121191335, -0.0, -0.0, 0.8506508083520399], [-0.5257311121191335, 0.0, 0.0, 0.8506508083520399], [1.0, -0.0, -0.0, -0.0], [0.0, -1.0, -0.0, -0.0], [0.0, -0.0, -1.0, -0.0]], "23": [[1.0, -0.0, -0.0, -0.0], [0.5257311121191335, -0.0, -0.0, 0.8506508083520399], [-0.5257311121191335, 0.0, 0.0, 0.8506508083520399], [0.0, -0.0, -0.0, -1.0], [0.8506508083520399, -0.0, -0.0, -0.5257311121191335], [0.8506508083520399, -0.0, -0.0, 0.5257311121191335], [0.0, -1.0, -0.0, -0.0], [0.0, -0.0, -1.0, -0.0], [0.0, -1.0, -0.0, -0.0], [1.0, -0.0, -0.0, -0.0], [0.0, -1.0, -0.0, -0.0], [0.0, -0.0, -1.0, -0.0]], "24": [[1.0, -0.0, -0.0, -0.0], [0.5257311121191335, -0.0, -0.0, 0.8506508083520399], [-0.5257311121191335, 0.0, 0.0, 0.8506508083520399], [0.0, -0.0, -0.0, -1.0], [0.8506508083520399, -0.0, -0.0, -0.5257311121191335], [0.8506508083520399, -0.0, -0.0, 0.5257311121191335], [0.0, -0.7071067811865475, -0.7071067811865475, -0.0], [0.0, 0.9732489894677301, -0.22975292054736116, -0.0], [0.0, 0.22975292054736116, -0.9732489894677301, -0.0], [0.0, 0.7071067811865475, -0.7071067811865475, -0.0], [0.0, -0.22975292054736116, -0.9732489894677301, -0.0], [-0.0, 0.9732489894677301, 0.22975292054736116, 0.0]], "25": [[1.0, -0.0, -0.0, -0.0], [0.5257311121191335, -0.0, -0.0, 0.8506508083520399], [-0.5257311121191335, 0.0, 0.0, 0.8506508083520399], [0.0, -0.0, -0.0, -1.0], [0.8506508083520399, -0.0, -0.0, -0.5257311121191335], [0.8506508083520399, -0.0, -0.0, 0.5257311121191335], [1.0, -0.0, -0.0, -0.0], [0.7071067811865475, -0.0, -0.0, -0.7071067811865475], [0.7071067811865475, -0.0, -0.0, 0.7071067811865475], [1.0, -0.0, -0.0, -0.0], [0.7071067811865475, -0.0, -0.0, 0.7071067811865475], [0.7071067811865475, -0.0, -0.0, -0.7071067811865475]], "26": [[1.0, -0.0, -0.0, -0.0], [0.5257311121191335, -0.0, -0.0, 0.8506508083520399], [-0.5257311121191335, 0.0, 0.0, 0.8506508083520399], [1.0, -0.0, -0.0, -0.0], [0.0, -1.0, -0.0, -0.0], [0.0, -0.0, -1.0, -0.0], [1.0, -0.0, -0.0, -0.0], [0.7071067811865475, -0.0, -0.0, -0.7071067811865475], [0.7071067811865475, -0.0, -0.0, 0.7071067811865475], [0.0, 0.7071067811865475, -0.7071067811865475, -0.0], [0.0, -0.22975292054736116, -0.9732489894677301, -0.0], [-0.0, 0.9732489894677301, 0.22975292054736116, 0.0]], "27": [[1.0, -0.0, -0.0, -0.0], [0.5257311121191335, -0.0, -0.0, 0.8506508083520399], [-0.5257311121191335, 0.0, 0.0, 0.8506508083520399], [0.0, -0.0, -0.0, -1.0], [0.8506508083520399, -0.0, -0.0, -0.5257311121191335], [0.8506508083520399, -0.0, -0.0, 0.5257311121191335], [0.0, -0.7071067811865475, -0.7071067811865475, -0.0], [0.0, 0.9732489894677301, -0.22975292054736116, -0.0], [0.0, 0.22975292054736116, -0.9732489894677301, -0.0], [0.0, 0.7071067811865475, -0.7071067811865475, -0.0], [0.0, -0.22975292054736116, -0.9732489894677301, -0.0], [-0.0, 0.9732489894677301, 0.22975292054736116, 0.0], [0.0, -1.0, -0.0, -0.0], [0.0, -0.0, -1.0, -0.0], [0.0, -1.0, -0.0, -0.0], [1.0, -0.0, -0.0, -0.0], [0.0, -1.0, -0.0, -0.0], [0.0, -0.0, -1.0, -0.0], [1.0, -0.0, -0.0, -0.0], [0.7071067811865475, -0.0, -0.0, -0.7071067811865475], [0.7071067811865475, -0.0, -0.0, 0.7071067811865475], [1.0, -0.0, -0.0, -0.0], [0.7071067811865475, -0.0, -0.0, 0.7071067811865475], [0.7071067811865475, -0.0, -0.0, -0.7071067811865475]],